Name,Gender,Species/Race,Blood,is_hogwarts,hogwarts_house,profession_group,has_description
Mrs. Abbott,Female,witch,Muggle-Born,0,No listed house,Unknown,1
Hannah Abbott,Female,witch,Half-Blood,1,Hufflepuff,Other,1
Abel Treetops,Male,wizard,Unknown,0,No listed house,Unknown,1
Euan Abercrombie,Male,wizard,Unknown,1,Gryffindor,Unknown,1
Aberforth Dumbledore,Male,wizard,Half-Blood,1,No listed house,Other,1
Abernathy,Male,wizard,Unknown,0,No listed house,Other,1
Abraham Peasegood,Male,wizard,Unknown,0,No listed house,Unknown,1
Abraham Potter,Male,wizard,Unknown,0,No listed house,Ministry,1
Abraxas Malfoy,Male,wizard,Pure Blood,0,No listed house,Unknown,1
Achilles Tolliver,Male,wizard,Unknown,0,No listed house,Ministry,1
Stewart Ackerley,Male,wizard,Unknown,1,Ravenclaw,Unknown,1
Adalbert Waffling,Male,wizard,Unknown,0,No listed house,Academic/Author,1
Adrian Pucey,Male,wizard,Unknown,1,Slytherin,Unknown,1
Adrian Tutley,Male,wizard,Unknown,0,No listed house,Unknown,1
Agatha Chubb,Female,witch,Unknown,0,No listed house,Other,1
Agatha Timms,Female,witch,Unknown,0,No listed house,Other,1
Agilbert Fontaine,Male,wizard,Unknown,0,No listed house,Other,1
Cornelius Agrippa,Male,wizard,Unknown,0,No listed house,Academic/Author,1
Aidan Kiely,Male,wizard,Unknown,0,No listed house,Quidditch,1
Aidan Lynch,Male,wizard,Unknown,0,No listed house,Quidditch,1
Alasdair Maddock,Male,wizard,Unknown,0,No listed house,Quidditch,1
Alastor Gumboil,Male,wizard,Unknown,0,No listed house,Other,1
Mad-Eye Moody,Male,wizard,Unknown,1,No listed house,Ministry,1
Alberic Grunnion,Male,wizard,Unknown,0,No listed house,Academic/Author,1
Alberta Toothill,Female,witch,Unknown,0,No listed house,Other,1
Albert Boot,Male,wizard,Unknown,0,No listed house,Other,1
Albert Runcorn,Male,wizard,Pure Blood,0,No listed house,Ministry,1
Albus Dumbledore,Male,wizard,Half-Blood,1,Gryffindor,Other,1
Albus Potter,Male,wizard,Half-Blood,1,Slytherin,Unknown,1
Alderton,Male,wizard,Muggle-Born,0,No listed house,Unknown,1
Arkie Alderton,Male,wizard,Unknown,0,No listed house,Other,1
Alecto Carrow,Female,witch,Pure Blood,1,No listed house,Unknown,1
Alfred Cattermole,Male,wizard,Half-Blood,0,No listed house,Unknown,1
Alguff the Awful,Male,goblin,Unknown,0,No listed house,Unknown,1
Ali Bashir,Male,wizard,Unknown,0,No listed house,Magical Trade,1
Alice Longbottom,Female,witch,Unknown,0,No listed house,Ministry,1
Alicia Spinnet,Female,witch,Unknown,1,Gryffindor,Unknown,1
Aliko Okoye,Male,wizard,Unknown,0,No listed house,Quidditch,1
Raul Almeida,Male,wizard,Unknown,0,No listed house,Quidditch,1
Almerick Sawbridge,Male,wizard,Unknown,0,No listed house,Unknown,1
Alejandra Alonso,Female,witch,Unknown,0,No listed house,Quidditch,1
Alphard Black,Male,wizard,Pure Blood,1,Slytherin,Unknown,1
Amarillo Lestoat,Male,vampire,Unknown,0,No listed house,Academic/Author,1
Ambrosius Flume,Male,wizard,Unknown,0,No listed house,Other,1
Amelia Susan Bones,Female,witch,Unknown,0,No listed house,Other,1
Amos Diggory,Male,wizard,Unknown,0,No listed house,Ministry,1
Amy Benson,Female,muggle,Muggle,0,No listed house,Unknown,1
Amycus Carrow,Male,wizard,Pure Blood,1,No listed house,Academic/Author,1
P.C. Anderson,Male,muggle,Unknown,0,No listed house,Other,1
Andrew Kirke,Male,wizard,Unknown,1,Gryffindor,Unknown,1
Andromeda Tonks,Female,witch,Pure Blood,1,Slytherin,Unknown,1
Andros the Invincible,Male,wizard,Unknown,0,No listed house,Unknown,1
Angelina Johnson,Female,witch,Unknown,1,Gryffindor,Unknown,1
Angelus Peel,Male,wizard,Unknown,0,No listed house,Quidditch,1
Angus Buchanan,Male,squib,Unknown,0,No listed house,Other,1
Angus Campbell,Male,wizard,Unknown,0,No listed house,Quidditch,1
Angus Fleet,Male,muggle,Muggle,0,No listed house,Unknown,1
Angus McMangus,Male,wizard,Unknown,0,No listed house,Unknown,1
Annis Black,Female,hag,Unknown,0,No listed house,Unknown,1
Anthony Goldstein,Male,wizard,Half-Blood,1,Ravenclaw,Unknown,1
Antioch Peverell,Male,wizard,Pure Blood,0,No listed house,Unknown,1
Antonin Dolohov,Male,wizard,Unknown,0,No listed house,Unknown,1
Antonio,Male,other,Unknown,0,No listed house,Unknown,1
Mrs. Figg,Female,squib,Unknown,0,No listed house,Other,1
Aragog,Male,other,Unknown,0,No listed house,Unknown,1
Araminta Meliflua,Female,wizard,Pure Blood,0,No listed house,Unknown,1
Archer Evermonde,Male,wizard,Unknown,0,No listed house,Ministry,1
Archibald Alderton,Male,wizard,Unknown,0,No listed house,Unknown,1
Archie,Male,wizard,Unknown,0,No listed house,Unknown,1
Arcturus Black (1884),Male,wizard,Pure Blood,1,Slytherin,Unknown,1
Arcus,Male,wizard,Unknown,0,No listed house,Unknown,1
Argus Filch,Male,squib,Unknown,1,No listed house,Other,1
Argus Pyrites,Male,wizard,Unknown,0,No listed house,Unknown,1
Ariana Dumbledore,Female,witch,Half-Blood,0,No listed house,Unknown,1
Aristotle Twelvetrees,Male,wizard,Unknown,0,No listed house,Other,1
Arkie Philpott,Male,wizard,Unknown,0,No listed house,Unknown,1
Armand Malfoy,Male,wizard,Unknown,0,No listed house,Unknown,1
Armenian warlock,Male,wizard,Unknown,0,No listed house,Unknown,1
Arnold,Male,other,Unknown,0,No listed house,Unknown,1
Arnold Guzman,Male,wizard,Unknown,0,No listed house,Ministry,1
Arnie Peasegood,Male,wizard,Unknown,0,No listed house,Other,1
Arnulf Moe,Male,wizard,Unknown,0,No listed house,Quidditch,1
Arsenia Gonzales,Female,witch,Unknown,0,No listed house,Quidditch,1
Arsenius Jigger,Male,wizard,Unknown,0,No listed house,Academic/Author,1
Artemisia Lufkin,Female,witch,Unknown,1,Hufflepuff,Ministry,1
Artemius Lawson,Male,wizard,Unknown,0,No listed house,Other,1
Arthur's contact at the Floo Regulation Panel,Male,wizard,Unknown,0,No listed house,Other,1
Arthur Weasley,Male,wizard,Pure Blood,1,Gryffindor,Ministry,1
Arturo Cephalopos,Male,wizard,Unknown,0,No listed house,Magical Trade,1
Astoria Greengrass,Female,witch,Unknown,0,No listed house,Unknown,1
Over-Attentive Wizard,Male,wizard,Unknown,0,No listed house,Unknown,1
Bertram Aubrey,Male,wizard,Unknown,1,No listed house,Unknown,1
Audrey Weasley,Female,witch,Unknown,0,No listed house,Unknown,1
"Augusta ""Gran"" Longbottom",Female,witch,Unknown,0,No listed house,Unknown,1
Augustus Pye,Male,wizard,Unknown,0,No listed house,Healer,1
Augustus Rookwood,Male,wizard,Unknown,0,No listed house,Other,1
Augustus Worme,Male,wizard,Unknown,0,No listed house,Other,1
Auntie Muriel,Female,witch,Unknown,0,No listed house,Unknown,1
Aunt Marge Dursley,Female,muggle,Muggle,0,No listed house,Other,1
Aurora Sinistra,Female,witch,Unknown,1,No listed house,Academic/Author,1
Avery,Male,wizard,Unknown,1,Slytherin,Unknown,1
Babajide Akingbade,Male,wizard,Unknown,0,No listed house,Other,1
Babayaga,Female,hag,Unknown,0,No listed house,Unknown,1
Ludo Bagman,Male,wizard,Unknown,0,No listed house,Other,1
Otto Bagman,Male,wizard,Unknown,0,No listed house,Unknown,1
Millicent Bagnold,Female,witch,Unknown,1,Ravenclaw,Other,1
Bathilda Bagshot,Female,witch,Unknown,0,No listed house,Unknown,1
Kquewanda Bailey,Female,witch,Unknown,0,No listed house,Quidditch,1
Ballyfumble Stranger,Male,wizard,Unknown,0,No listed house,Unknown,1
Bandon Banshee,Female,other,Unknown,0,No listed house,Unknown,1
Bane,Male,other,Unknown,0,No listed house,Unknown,1
Heathcote Barbary,Male,wizard,Unknown,0,No listed house,Other,1
José Barboza,Male,wizard,Unknown,0,No listed house,Quidditch,1
Bartholomew Barebone,Male,muggle,Muggle,0,No listed house,Unknown,1
Chastity Barebone,Female,no-maj,Muggle,0,No listed house,Other,1
Credence Barebone,Male,other,Half-Blood,0,No listed house,Other,1
Mary Lou Barebone,Female,no-maj,Muggle,0,No listed house,Other,1
Modesty Barebone,Female,no-maj,Muggle,0,No listed house,Unknown,1
Lucas Bargeworthy,Male,wizard,Unknown,0,No listed house,Quidditch,1
Barker,Male,muggle,Muggle,0,No listed house,Other,1
Barnabas the Barmy,Male,wizard,Unknown,0,No listed house,Unknown,1
Barnabas Cuffe,Male,wizard,Unknown,0,No listed house,Other,1
Barnabas Deverill,Male,wizard,Unknown,0,No listed house,Unknown,1
Barnabus Finkley,Male,wizard,Unknown,0,No listed house,Unknown,1
Barnaby Snell,Male,wizard,Unknown,0,No listed house,Unknown,1
Cousin Barny,Male,muggle,Muggle,0,No listed house,Unknown,1
Barny the Fruitbat,Male,other,Unknown,0,No listed house,Other,1
Barry Ryan,Male,wizard,Unknown,0,No listed house,Quidditch,1
Barty Crouch Jr.,Male,wizard,Pure Blood,1,No listed house,Unknown,1
Barty Crouch Sr.,Male,wizard,Pure Blood,0,No listed house,Ministry,1
Baruffio,Male,wizard,Unknown,0,No listed house,Unknown,1
Basil,Male,wizard,Unknown,0,No listed house,Unknown,1
Basil Flack,Male,wizard,Unknown,0,No listed house,Unknown,1
Basil Horton,Male,wizard,Unknown,0,No listed house,Other,1
Bathsheda Babbling,Female,witch,Unknown,1,No listed house,Academic/Author,1
Charlie Baverstock,Male,wizard,Unknown,0,No listed house,Quidditch,1
Beaumont Marjoribanks,Male,wizard,Unknown,0,No listed house,Other,1
Beedle the Bard,Male,wizard,Unknown,0,No listed house,Academic/Author,1
Herbert Beery,Male,wizard,Unknown,1,No listed house,Academic/Author,1
Mr. Belby,Male,wizard,Unknown,0,No listed house,Unknown,1
Humphrey Belcher,Male,wizard,Unknown,0,No listed house,Unknown,1
Katie Bell,Female,witch,Unknown,1,Gryffindor,Unknown,1
Brother Benedict,Male,muggle,Muggle,0,No listed house,Other,1
Benedita Dourado,Female,witch,Unknown,0,No listed house,Other,1
Benjy Fenwick,Male,wizard,Unknown,0,No listed house,Unknown,1
Benjy Williams,Male,wizard,Unknown,0,No listed house,Quidditch,1
Bernadette,Female,witch,Unknown,0,No listed house,Other,1
Bernie Pillsworth,Male,wizard,Unknown,0,No listed house,Ministry,1
Bertha Jorkins,Female,witch,Unknown,1,No listed house,Ministry,1
Berthilde Roche,Female,witch,Unknown,0,No listed house,Ministry,1
Bertie Bott,Male,wizard,Unknown,0,No listed house,Academic/Author,1
Bertie Higgs,Male,wizard,Unknown,0,No listed house,Unknown,1
Bertrand de Pensées-Profondes,Male,wizard,Unknown,0,No listed house,Academic/Author,1
Bill Weasley,Male,wizard,Pure Blood,1,Gryffindor,Other,1
Billy Stubbs,Male,muggle,Muggle,0,No listed house,Unknown,1
Mr. Bingley,Male,no-maj,Muggle,0,No listed house,Other,1
Binky,Male,other,Unknown,0,No listed house,Unknown,1
Professor Binns,Male,other,Unknown,1,No listed house,Academic/Author,1
Brevis Birch,Male,wizard,Unknown,0,No listed house,Quidditch,1
Dennis Bishop,Male,muggle,Muggle,0,No listed house,Unknown,1
Bellatrix Lestrange,Female,witch,Pure Blood,1,Slytherin,Unknown,1
Belvina Black,Female,witch,Pure Blood,1,Slytherin,Unknown,1
Callidora Black,Female,witch,Pure Blood,1,Slytherin,Unknown,1
Cassiopeia Black,Female,witch,Pure Blood,1,Slytherin,Unknown,1
Charis Black,Female,wizard,Pure Blood,1,Slytherin,Unknown,1
Cygnus Black,Male,wizard,Pure Blood,1,Slytherin,Unknown,1
Cygnus Black (1889),Male,wizard,Pure Blood,1,Slytherin,Unknown,1
Iola Black,Female,witch,Pure Blood,0,No listed house,Unknown,1
Marius Black,Male,squib,Pure Blood,0,No listed house,Unknown,1
Orion Black,Male,wizard,Pure Blood,1,Slytherin,Other,1
Phineas Black,Male,wizard,Pure Blood,0,No listed house,Unknown,1
Pollux Black,Male,wizard,Pure Blood,1,Slytherin,Unknown,1
Dorea Black Potter,Female,wizard,Pure Blood,1,Slytherin,Unknown,1
Regulus Black,Male,wizard,Pure Blood,1,Slytherin,Unknown,1
Sirius Black,Male,wizard,Pure Blood,1,Gryffindor,Unknown,1
Cedrella Black Weasley,Female,witch,Pure Blood,1,Slytherin,Unknown,1
Blaise Zabini,Male,wizard,Unknown,1,Slytherin,Unknown,1
Blaise Zabini's mother,Female,witch,Unknown,0,No listed house,Unknown,1
Susan Blancheflower,Female,witch,Unknown,0,No listed house,Quidditch,1
Balfour Blane,Male,wizard,Unknown,0,No listed house,Unknown,1
Blenheim Stalk,Male,wizard,Unknown,0,No listed house,Academic/Author,1
Barnabus Blenkinsop,Male,wizard,Unknown,0,No listed house,Unknown,1
Timothy Blenkinsop,Male,wizard,Unknown,0,No listed house,Other,1
Miles Bletchley,Male,wizard,Unknown,1,Slytherin,Unknown,1
Jean-Baptiste Bloncourt,Male,wizard,Unknown,0,No listed house,Quidditch,1
The Bloody Baron,Male,other,Pure Blood,1,Slytherin,Unknown,1
Blodwyn Bludd,Male,vampire,Unknown,0,No listed house,Unknown,1
Melinda Bobbin,Female,witch,Unknown,1,No listed house,Unknown,1
Bob Hitchens,Male,muggle,Muggle,0,No listed house,Unknown,1
Bob Ogden,Male,wizard,Unknown,0,No listed house,Other,1
Broderick Bode,Male,wizard,Unknown,0,No listed house,Other,1
Bogomil Levski,Male,wizard,Unknown,0,No listed house,Quidditch,1
Bogrod,Male,goblin,Unknown,0,No listed house,Other,1
Bole,Male,wizard,Unknown,1,Slytherin,Unknown,1
Hector Bolobolo,Male,wizard,Unknown,0,No listed house,Quidditch,1
Bonawentura Wójcik,Male,wizard,Unknown,0,No listed house,Quidditch,1
Susan Bones,Female,witch,Half-Blood,1,Hufflepuff,Unknown,1
Madame Bonhabille,Female,wizard,Unknown,0,No listed house,Other,1
Brother Boniface,Male,muggle,Muggle,0,No listed house,Other,1
Mr. Boot,Male,wizard,Unknown,0,No listed house,Unknown,1
Mrs. Boot,Female,witch,Unknown,0,No listed house,Unknown,1
Chadwick Boot,Male,wizard,Pure Blood,0,No listed house,Unknown,1
Gladys Boothby,Female,witch,Unknown,0,No listed house,Other,1
Webster Boot,Male,wizard,Pure Blood,0,No listed house,Ministry,1
Libatius Borage,Male,wizard,Unknown,0,No listed house,Academic/Author,1
Mr. Borgin,Male,wizard,Unknown,0,No listed house,Other,1
Borgin,Male,wizard,Unknown,0,No listed house,Other,1
Boris the Bewildered,Male,other,Unknown,0,No listed house,Unknown,1
Boris Vulchanov,Male,wizard,Unknown,0,No listed house,Quidditch,1
Craig Bowker Jr.,Male,wizard,Unknown,1,Slytherin,Unknown,1
Bowman Wright,Male,wizard,Half-Blood,0,No listed house,Other,1
Bozo,Male,wizard,Unknown,0,No listed house,Other,1
Bradley,Male,wizard,Unknown,1,Ravenclaw,Unknown,1
Barberus Bragge,Male,wizard,Unknown,0,No listed house,Other,1
Betty Braithwaite,Female,wizard,Unknown,0,No listed house,Other,1
Bran the Bloodthirsty,Male,giant,Unknown,0,No listed house,Unknown,1
Rudolf Brand,Male,wizard,Unknown,0,No listed house,Quidditch,1
Maximus Brankovitch III,Male,wizard,Unknown,0,No listed house,Quidditch,1
Brian Gadwilde,Male,other,Unknown,0,No listed house,Unknown,1
Bridget Wenlock,Female,witch,Unknown,1,Hufflepuff,Other,1
Cormac O’Brien,Male,wizard,Unknown,0,No listed house,Ministry,1
Karl and Kevin Broadmoor,Male,other,Unknown,0,No listed house,Quidditch,1
Brodrig the Boss-Eyed,Male,goblin,Unknown,0,No listed house,Other,1
Lavender Brown,Female,witch,Unknown,1,Gryffindor,Unknown,1
Bruno Schmidt,Male,wizard,Unknown,0,No listed house,Unknown,1
Brutus Malfoy,Male,wizard,Pure Blood,0,No listed house,Other,1
Brutus Scrimgeour,Male,wizard,Unknown,0,No listed house,Academic/Author,1
Bruno Bruunhart,Male,wizard,Unknown,0,No listed house,Quidditch,1
Buckbeak,Male,other,Unknown,0,No listed house,Unknown,1
Buckley Cooper,Male,wizard,Unknown,0,No listed house,Unknown,1
Zygmunt Budge,Male,wizard,Unknown,1,No listed house,Academic/Author,1
Charity Burbage,Female,witch,Unknown,1,No listed house,Academic/Author,1
Burdock Muldoon,Male,wizard,Unknown,0,No listed house,Other,1
Caractacus Burke,Male,wizard,Pure Blood,0,No listed house,Unknown,1
Cadmus Peverell,Male,wizard,Pure Blood,0,No listed house,Unknown,1
Cadwallader,Male,wizard,Unknown,1,Hufflepuff,Unknown,1
Calchas,Male,wizard,Unknown,0,No listed house,Other,1
Lennox Campbell,Male,wizard,Unknown,0,No listed house,Quidditch,1
Cantankerus Nott,Male,wizard,Pure Blood,0,No listed house,Unknown,1
Caradoc Dearborn,Male,wizard,Unknown,0,No listed house,Unknown,1
Carlos Lopez,Male,wizard,Unknown,0,No listed house,Ministry,1
Carlotta Pinkstone,Female,wizard,Unknown,0,No listed house,Unknown,1
Eddie Carmichael,Male,wizard,Unknown,1,Ravenclaw,Unknown,1
Rancorous Carpe,Male,wizard,Unknown,1,No listed house,Other,1
Caspar Crouch,Male,wizard,Pure Blood,0,No listed house,Unknown,1
Cassandra Trelawney,Female,wizard,Unknown,0,No listed house,Other,1
Cassandra Vablatsky,Female,witch,Unknown,0,No listed house,Other,1
Catriona McCormack,Female,witch,Unknown,0,No listed house,Quidditch,1
Reginald Cattermole,Male,wizard,Pure Blood,0,No listed house,Ministry,1
Catullus Spangle,Male,wizard,Unknown,0,No listed house,Other,1
Cecilia,Female,muggle,Muggle,0,No listed house,Unknown,1
Cecily,Female,witch,Unknown,0,No listed house,Unknown,1
Cedric Diggory,Male,wizard,Unknown,1,Hufflepuff,Unknown,1
Celestina Warbeck,Female,witch,Half-Blood,1,Gryffindor,Other,1
Chambers,Male,wizard,Unknown,1,Ravenclaw,Unknown,1
Cho Chang,Female,witch,Unknown,1,Ravenclaw,Unknown,1
Polly Chapman,Female,witch,Unknown,1,No listed house,Unknown,1
Charity Wilkinson,Female,witch,Unknown,0,No listed house,Ministry,1
Charlie Weasley,Male,wizard,Pure Blood,1,Gryffindor,Other,1
Chauncey Oldridge,Male,wizard,Unknown,0,No listed house,Unknown,1
Glenda Chittock,Female,witch,Unknown,0,No listed house,Other,1
Herbert Chorley,Male,muggle,Muggle,0,No listed house,Ministry,1
Winston Churchill,Male,muggle,Unknown,0,No listed house,Ministry,1
Ciceron Harkiss,Male,wizard,Unknown,0,No listed house,Unknown,1
Circe,Female,witch,Unknown,0,No listed house,Other,1
Elfrida Clagg,Female,witch,Unknown,0,No listed house,Other,1
Clairvius Hyppolite,Male,wizard,Unknown,0,No listed house,Quidditch,1
Ptolemy,Male,wizard,Unknown,0,No listed house,Other,1
Penelope Clearwater,Female,witch,Unknown,1,Ravenclaw,Other,1
Cliodna,Female,witch,Unknown,0,No listed house,Other,1
Carlos Clodoaldo,Male,wizard,Unknown,0,No listed house,Quidditch,1
Edgar Cloggs,Male,other,Unknown,1,No listed house,Quidditch,1
João Coelho,Male,wizard,Unknown,0,No listed house,Quidditch,1
Mrs. Cole,Female,muggle,Muggle,0,No listed house,Other,1
Colin Creevey,Male,wizard,Muggle-Born,1,Gryffindor,Unknown,1
Colonel Fubster,Male,muggle,Muggle,0,No listed house,Other,1
Magenta Comstock,Female,witch,Unknown,0,No listed house,Other,1
Connolly,Male,wizard,Unknown,0,No listed house,Quidditch,1
cook at the Riddle House,Female,muggle,Unknown,0,No listed house,Other,1
Howland Coopey,Male,wizard,Unknown,0,No listed house,Unknown,1
Ritchie Coote,Male,wizard,Unknown,1,Gryffindor,Unknown,1
Corban Yaxley,Male,wizard,Pure Blood,1,Slytherin,Other,1
Cordelia Misericordia,Female,hag,Unknown,0,No listed house,Unknown,1
Cormack McLeod,Male,wizard,Unknown,0,No listed house,Quidditch,1
Cormac McLaggen,Male,wizard,Unknown,1,Gryffindor,Unknown,1
Cornelius Fudge,Male,wizard,Unknown,0,No listed house,Ministry,1
Michael Corner,Male,wizard,Unknown,1,Ravenclaw,Unknown,1
Corvinus Gaunt,Male,wizard,Pure Blood,1,Slytherin,Unknown,1
Corvus Lestrange Jr.,Male,wizard,Pure Blood,0,No listed house,Unknown,1
Gregory Cotton,Male,wizard,Unknown,0,No listed house,Quidditch,1
Count Vlad Drakul,Male,vampire,Unknown,0,No listed house,Unknown,1
Crabbe Sr.,Male,wizard,Unknown,0,No listed house,Unknown,1
Ellen Cracknell,Female,muggle,Muggle,0,No listed house,Unknown,1
Elfrida Cragg,Female,witch,Unknown,0,No listed house,Unknown,1
Mr. Creevey,Male,muggle,Muggle,0,No listed house,Unknown,1
Dirk Cresswell,Male,wizard,Muggle-Born,1,No listed house,Other,1
Venusia Crickerly,Female,witch,Unknown,0,No listed house,Ministry,1
Delfina Crimp,Female,wizard,Unknown,0,No listed house,Other,1
Professor Saul Croaker,Male,wizard,Unknown,0,No listed house,Other,1
Doris Crockford,Female,witch,Unknown,0,No listed house,Unknown,1
Crispin Cronk,Male,wizard,Unknown,0,No listed house,Unknown,1
Glinda Crook,Female,witch,Unknown,0,No listed house,Other,1
Crookshanks,Male,other,Unknown,0,No listed house,Unknown,1
Mrs. Crouch,Female,wizard,Pure Blood,0,No listed house,Unknown,1
Maximillian Crowdy,Male,wizard,Unknown,0,No listed house,Ministry,1
Cuthbert Mockridge,Male,wizard,Unknown,0,No listed house,Ministry,1
Cyclops,Male,giant,Unknown,0,No listed house,Unknown,1
Cyprian Youdle,Male,wizard,Unknown,0,No listed house,Quidditch,1
Dagbert Pips,Male,wizard,Unknown,0,No listed house,Other,1
Hector Dagworth-Granger,Male,wizard,Unknown,0,No listed house,Magical Trade,1
Dangerous Dai Llewellyn,Male,wizard,Unknown,0,No listed house,Quidditch,1
Daisy Dodderidge,Female,witch,Unknown,0,No listed house,Other,1
Daisy Hookum,Female,witch,Unknown,0,No listed house,Academic/Author,1
Daisy Pennifold,Female,witch,Unknown,0,No listed house,Academic/Author,1
Damocles Belby,Male,wizard,Unknown,1,No listed house,Magical Trade,1
Damocles Rowle,Male,wizard,Unknown,0,No listed house,Ministry,1
Daphne Greengrass,Female,witch,Unknown,1,No listed house,Unknown,1
Darius Smackhammer,Male,wizard,Unknown,0,No listed house,Quidditch,1
Darren Floyd,Male,wizard,Unknown,0,No listed house,Quidditch,1
Darren O'Hare,Male,wizard,Unknown,0,No listed house,Quidditch,1
Davey Gudgeon,Male,wizard,Unknown,1,No listed house,Unknown,1
Roger Davies,Male,wizard,Unknown,1,Ravenclaw,Unknown,1
John Dawlish,Male,wizard,Unknown,0,No listed house,Ministry,1
Dean Thomas,Male,wizard,Half-Blood,1,Gryffindor,Unknown,1
Death,Male,other,Unknown,0,No listed house,Unknown,1
Dedalus Diggle,Male,wizard,Unknown,0,No listed house,Unknown,1
Fleur Delacour,Female,witch,Half-Blood,0,No listed house,Unknown,1
Lisette de Lapin,Female,witch,Pure Blood,0,No listed house,Other,1
Delphi,Female,witch,Half-Blood,0,No listed house,Other,1
Demelza Robins,Female,witch,Unknown,1,Gryffindor,Unknown,1
Demetrius J. Prod,Male,wizard,Unknown,0,No listed house,Unknown,1
Nearly-Headless Nick,Male,other,Unknown,1,Gryffindor,Other,1
Dempster Wiggleswade,Male,wizard,Unknown,0,No listed house,Ministry,1
Dennis,Male,muggle,Muggle,0,No listed house,Unknown,1
Dennis Creevey,Male,wizard,Muggle-Born,1,Gryffindor,Unknown,1
Dennis Moon,Male,wizard,Unknown,0,No listed house,Quidditch,1
Derek,Male,wizard,Unknown,1,No listed house,Unknown,1
Derrick,Male,wizard,Unknown,1,Slytherin,Unknown,1
Dilys Derwent,Female,witch,Unknown,1,No listed house,Healer,1
Derwent Shimpling,Male,wizard,Unknown,0,No listed house,Other,1
Philbert Deverill,Male,wizard,Unknown,0,No listed house,Quidditch,1
Devlin Whitehorn,Male,wizard,Unknown,0,No listed house,Other,1
Dexter Fortescue,Male,wizard,Unknown,1,No listed house,Other,1
Diadema (Goshawk?),Female,wizard,Pure Blood,0,No listed house,Unknown,1
Fernando Diaz,Male,wizard,Unknown,0,No listed house,Quidditch,1
Mrs. Diggory,Female,witch,Unknown,0,No listed house,Unknown,1
Delphini Diggory,Female,witch,Unknown,0,No listed house,Other,1
Eldritch Diggory,Male,wizard,Unknown,0,No listed house,Ministry,1
Dimitrov,Male,wizard,Unknown,0,No listed house,Quidditch,1
Harold Dingle,Male,wizard,Unknown,1,No listed house,Unknown,1
Emma Dobbs,Female,witch,Unknown,1,No listed house,Unknown,1
Dobby,Male,other,Unknown,0,No listed house,Unknown,1
Elphias Doge,Male,wizard,Unknown,1,No listed house,Unknown,1
Dolores Umbridge,Female,witch,Half-Blood,1,Slytherin,Ministry,1
Donaghan Tremlett,Male,wizard,Unknown,0,No listed house,Other,1
Dorcas Meadowes,Female,witch,Unknown,0,No listed house,Unknown,1
Dorcus Twelvetrees,Female,witch,Unknown,0,No listed house,Unknown,1
Dorcas Wellbeloved,Female,wizard,Unknown,0,No listed house,Unknown,1
Doris Purkiss,Female,wizard,Unknown,0,No listed house,Unknown,1
Ragmar Dorkins,Male,wizard,Unknown,0,No listed house,Quidditch,1
Dot,Female,muggle,Muggle,0,No listed house,Unknown,1
Dougal,Male,other,Unknown,0,No listed house,Unknown,1
Dougal McBride,Male,wizard,Unknown,0,No listed house,Quidditch,1
Dougal McGregor,Male,muggle,Muggle,0,No listed house,Other,1
Distractible Douglas,Male,wizard,Unknown,1,No listed house,Unknown,1
Dimitar Draganov,Male,wizard,Unknown,0,No listed house,Quidditch,1
Dragomir Despard,Male,wizard,Pure Blood,0,No listed house,Unknown,1
Dragomir Gorgovitch,Male,wizard,Unknown,0,No listed house,Quidditch,1
Dugald McPhail,Male,wizard,Unknown,0,No listed house,Ministry,1
Irma Dugard,Female,other,Unknown,0,No listed house,Other,1
Matilda Dukelow,Female,witch,Unknown,0,No listed house,Quidditch,1
Kendra Dumbledore,Female,wizard,Muggle-Born,0,No listed house,Unknown,1
Percival Dumbledore,Male,wizard,Unknown,0,No listed house,Unknown,1
Dunbar Oglethorpe,Male,wizard,Unknown,0,No listed house,Other,1
Priscilla Dupont,Female,witch,Unknown,0,No listed house,Unknown,1
Dudley Dursley,Male,muggle,Muggle,0,No listed house,Unknown,1
Petunia Dursley,Female,muggle,Muggle,0,No listed house,Other,1
Vernon Dursley,Male,muggle,Muggle,0,No listed house,Other,1
Dylan Marwood,Male,wizard,Unknown,0,No listed house,Academic/Author,1
Dymphna Furmage,Female,wizard,Unknown,0,No listed house,Unknown,1
Dzou Yen,Male,wizard,Unknown,0,No listed house,Other,1
Eargit the Ugly,Male,goblin,Unknown,0,No listed house,Unknown,1
Earl of Paunchley,Male,muggle,Unknown,0,No listed house,Unknown,1
Lorcan d'Eath,Male,vampire,Half-Blood,0,No listed house,Other,1
Heinrich Eberstadt,Male,wizard,Unknown,0,No listed house,Other,1
Edgar Stroulger,Male,wizard,Unknown,0,No listed house,Academic/Author,1
Marietta Edgecombe,Female,wizard,Unknown,1,Ravenclaw,Unknown,1
Edmund Gaddlegate,Male,muggle,Muggle,0,No listed house,Unknown,1
Teddy Lupin,Male,wizard,Half-Blood,1,Hufflepuff,Unknown,1
Ted Tonks,Male,wizard,Muggle-Born,0,No listed house,Unknown,1
Egbert the Egregious,Male,wizard,Unknown,0,No listed house,Unknown,1
Eileen Prince Snape,Female,witch,Unknown,0,No listed house,Unknown,1
Ekrizdis,Male,wizard,Unknown,0,No listed house,Other,1
Eldon Elsrickle,Male,wizard,Unknown,0,No listed house,Other,1
Eldred Worple,Male,wizard,Unknown,0,No listed house,Academic/Author,1
Elias Grimstone,Male,wizard,Unknown,0,No listed house,Other,1
Elias Story,Male,muggle,Muggle,0,No listed house,Unknown,1
Elizabeth McGilliguddy,Female,witch,Unknown,0,No listed house,Other,1
Elizabeth Smudgling,Female,witch,Unknown,0,No listed house,Unknown,1
Queen Elizabeth I,Female,muggle,Muggle,0,No listed house,Other,1
Elveira Elkins,Female,witch,Unknown,0,No listed house,Unknown,1
Elladora Guffy,Female,witch,Unknown,0,No listed house,Unknown,1
Elladora Ketteridge,Female,wizard,Unknown,0,No listed house,Unknown,1
Ellie Cattermole,Female,witch,Half-Blood,0,No listed house,Unknown,1
Elliot Smethwyck,Male,wizard,Unknown,0,No listed house,Unknown,1
Elodie Dembélé,Female,witch,Unknown,0,No listed house,Quidditch,1
Eloise Midgen/Eloise Midgeon,Female,wizard,Unknown,1,No listed house,Unknown,1
Elphinstone Urquart,Male,wizard,Unknown,0,No listed house,Unknown,1
Elsie Prod,Female,witch,Unknown,0,No listed house,Unknown,1
Emeric the Evil,Male,wizard,Unknown,0,No listed house,Unknown,1
Emeric Switch,Male,wizard,Unknown,0,No listed house,Unknown,1
Emily Rappaport,Female,witch,Unknown,0,No listed house,Other,1
Emmeline Vance,Female,witch,Unknown,0,No listed house,Unknown,1
Samuel Equiano,Male,wizard,Unknown,0,No listed house,Quidditch,1
Erica Stainwright,Female,witch,Unknown,0,No listed house,Other,1
Eric Munch,Male,wizard,Unknown,0,No listed house,Other,1
Eric Whalley,Male,muggle,Muggle,0,No listed house,Unknown,1
Ernie Macmillan,Male,wizard,Pure Blood,1,Hufflepuff,Unknown,1
Ernie Prang,Male,wizard,Unknown,0,No listed house,Other,1
Errol,Male,other,Unknown,0,No listed house,Unknown,1
Ethelbald Mordaunt,Male,wizard,Unknown,0,No listed house,Unknown,1
Ethelred the Ever-Ready,Male,wizard,Unknown,0,No listed house,Unknown,1
Eugenia Jenkins,Female,wizard,Unknown,0,No listed house,Ministry,1
Eulalie Hicks,Female,human,Unknown,0,No listed house,Academic/Author,1
Eunice Murray,Female,witch,Unknown,0,No listed house,Quidditch,1
Euphemia Potter,Female,wizard,Unknown,0,No listed house,Unknown,1
Euphemia Rowle,Female,witch,Pure Blood,0,No listed house,Unknown,1
Eupraxia Mole,Female,witch,Unknown,1,No listed house,Other,1
Eurig Cadwallader,Male,wizard,Unknown,0,No listed house,Quidditch,1
Evangeline Orpington,Female,witch,Unknown,0,No listed house,Ministry,1
Evan Rosier,Male,wizard,Pure Blood,0,No listed house,Unknown,1
Everard,Male,wizard,Unknown,1,No listed house,Other,1
Fabian Prewett,Male,wizard,Pure Blood,0,No listed house,Unknown,1
Fabius Watkins,Male,wizard,Unknown,0,No listed house,Quidditch,1
Falco Aesalon,Male,wizard,Unknown,0,No listed house,Unknown,1
Perpetua Fancourt,Female,witch,Unknown,1,Ravenclaw,Unknown,1
Fang,Male,other,Unknown,0,No listed house,Unknown,1
"Faris ""Spout-hole"" Spavin",Male,wizard,Unknown,0,No listed house,Ministry,1
Gemma Farley,Female,witch,Unknown,1,Slytherin,Unknown,1
The Fat Friar,Male,other,Unknown,1,Hufflepuff,Other,1
The Fat Lady,Female,witch,Unknown,0,No listed house,Unknown,1
Franziska Faust,Female,witch,Unknown,0,No listed house,Quidditch,1
Miss S. Fawcett,Female,witch,Unknown,1,Ravenclaw,Unknown,1
Hector Fawley,Male,wizard,Pure Blood,0,No listed house,Ministry,1
Felix Summerbee,Male,wizard,Unknown,0,No listed house,Academic/Author,1
Fenrir Greyback,Male,other,Unknown,0,No listed house,Unknown,1
Mervyn Fenwick,Male,wizard,Unknown,0,No listed house,Quidditch,1
Ferdinand Jägendorf,Male,wizard,Unknown,0,No listed house,Quidditch,1
Fifi LaFolle,Female,witch,Unknown,0,No listed house,Academic/Author,1
Finbar Quigley,Male,wizard,Unknown,0,No listed house,Quidditch,1
Mrs. Finch-Fletchley,Female,muggle,Muggle,0,No listed house,Unknown,1
Fingal the Fearless,Male,wizard,Unknown,0,No listed house,Unknown,1
Finn,Male,other,Unknown,0,No listed house,Unknown,1
Mrs. Finnigan,Female,witch,Unknown,0,No listed house,Unknown,1
Mr. Finnigan,Male,muggle,Muggle,0,No listed house,Unknown,1
Seamus Finnigan,Male,wizard,Half-Blood,1,Gryffindor,Other,1
Wilhelm Fischer,Male,wizard,Unknown,0,No listed house,Ministry,1
Ortiz O'Flaherty,Male,wizard,Unknown,0,No listed house,Academic/Author,1
Nicolas Flamel,Male,wizard,Unknown,0,No listed house,Other,1
Perenelle Flamel,Female,witch,Unknown,0,No listed house,Unknown,1
Flavius Belby,Male,wizard,Unknown,0,No listed house,Unknown,1
Fleamont Potter,Male,wizard,Pure Blood,1,Gryffindor,Magical Trade,1
Hedley Fleetwood,Male,wizard,Unknown,0,No listed house,Unknown,1
Able Fleming,Male,wizard,Unknown,0,No listed house,Other,1
Mundungus Fletcher,Male,wizard,Half-Blood,0,No listed house,Unknown,1
Laurentia Fletwock,Female,witch,Unknown,0,No listed house,Other,1
Josephina Flint,Female,witch,Pure Blood,0,No listed house,Ministry,1
Marcus Flint,Male,wizard,Pure Blood,1,Slytherin,Unknown,1
Filius Flitwick,Male,other,Unknown,1,Ravenclaw,Academic/Author,1
Florean Fortescue,Male,wizard,Unknown,0,No listed house,Other,1
Gonçalo Flores,Male,wizard,Unknown,0,No listed house,Quidditch,1
Fluffy,Male,other,Unknown,0,No listed house,Unknown,1
Theodard Fontaine,Male,wizard,Unknown,0,No listed house,Ministry,1
Frank,Male,other,Unknown,0,No listed house,Unknown,1
Frank Bryce,Male,muggle,Muggle,0,No listed house,Other,1
Frank Longbottom,Male,wizard,Unknown,0,No listed house,Ministry,1
Fred Weasley (II),Male,wizard,Unknown,0,No listed house,Unknown,1
Fred Weasley,Male,wizard,Pure Blood,1,Gryffindor,Other,1
Otmar Frick,Male,wizard,Unknown,0,No listed house,Quidditch,1
Fridwulfa,Female,giant,Unknown,0,No listed house,Unknown,1
Rufus Fudge,Male,wizard,Unknown,0,No listed house,Ministry,1
Fulbert the Fearful,Male,wizard,Unknown,0,No listed house,Unknown,1
Galatea Merrythought,Female,witch,Unknown,1,No listed house,Academic/Author,1
Ottaline Gambol,Female,witch,Unknown,0,No listed house,Ministry,1
Ulick Gamp,Male,wizard,Unknown,0,No listed house,Ministry,1
Garrick Ollivander,Male,wizard,Half-Blood,1,Ravenclaw,Magical Trade,1
Gaspard Shingleton,Male,wizard,Unknown,0,No listed house,Academic/Author,1
Marvolo Gaunt,Male,wizard,Pure Blood,0,No listed house,Unknown,1
Merope Gaunt,Female,witch,Pure Blood,0,No listed house,Unknown,1
Morfin Gaunt,Male,wizard,Pure Blood,0,No listed house,Unknown,1
Gawain Robards,Male,wizard,Unknown,0,No listed house,Unknown,1
Geoffrey Hooper,Male,wizard,Unknown,1,Gryffindor,Unknown,1
George Weasley,Male,wizard,Pure Blood,1,Gryffindor,Other,1
Georgina Smyth,Female,witch,Unknown,0,No listed house,Unknown,1
Georgios Xenakis,Male,wizard,Unknown,0,No listed house,Quidditch,1
Georgi Zdravko,Male,wizard,Unknown,0,No listed house,Quidditch,1
Geraint Ollivander,Male,wizard,Pure Blood,0,No listed house,Magical Trade,1
Gerbold Octavius Ollivander,Male,wizard,Pure Blood,0,No listed house,Magical Trade,1
Gervaise Ollivander,Male,wizard,Pure Blood,0,No listed house,Magical Trade,1
Ghosts of gloomy nuns,Female,other,Unknown,0,No listed house,Other,1
Gibbon,Male,wizard,Unknown,0,No listed house,Unknown,1
Gideon Crumb,Male,wizard,Unknown,0,No listed house,Other,1
Gideon Prewett,Male,wizard,Pure Blood,0,No listed house,Unknown,1
Gilbert Wimple,Male,wizard,Unknown,0,No listed house,Ministry,1
Gilderoy Lockhart,Male,wizard,Half-Blood,1,Ravenclaw,Academic/Author,1
Ginny Weasley,Female,witch,Pure Blood,1,Gryffindor,Quidditch,1
Glanmore Peakes,Male,wizard,Unknown,0,No listed house,Unknown,1
Glover Hipworth,Male,wizard,Unknown,0,No listed house,Academic/Author,1
Gnarlak,Male,goblin,Unknown,0,No listed house,Other,1
Godelot,Male,wizard,Unknown,0,No listed house,Academic/Author,1
Queenie Goldstein,Female,witch,Half-Blood,0,No listed house,Other,1
Golgomath,Male,giant,Unknown,0,No listed house,Unknown,1
Goliath,Male,giant,Unknown,0,No listed house,Unknown,1
Gondoline Oliphant,Female,witch,Unknown,0,No listed house,Other,1
Goodwin Kneen,Male,wizard,Unknown,0,No listed house,Unknown,1
Hesphaestus Gore,Male,wizard,Unknown,0,No listed house,Ministry,1
Gormlaith Gaunt,Female,witch,Pure Blood,1,No listed house,Unknown,1
Gornuk,Male,goblin,Unknown,0,No listed house,Unknown,1
Miranda Goshawk (1921-),Female,witch,Unknown,0,No listed house,Unknown,1
Romilda (Goshawk?),Female,witch,Pure Blood,0,No listed house,Unknown,1
Tangwystl (Goshawk?),Female,wizard,Pure Blood,0,No listed house,Unknown,1
Goyle Sr.,Male,wizard,Unknown,0,No listed house,Unknown,1
Graham Pritchard,Male,wizard,Unknown,1,Slytherin,Unknown,1
Mr. Granger,Male,muggle,Muggle,0,No listed house,Other,1
Hermione Granger,Female,witch,Muggle-Born,1,Gryffindor,Other,1
Hugo Granger-Weasley,Male,wizard,Half-Blood,0,No listed house,Unknown,1
Rose Granger-Weasley,Female,witch,Half-Blood,1,Gryffindor,Unknown,1
Gondulphus Graves,Male,wizard,Unknown,0,No listed house,Ministry,1
Merton Graves,Male,wizard,Unknown,0,No listed house,Other,1
Percival Graves,Male,wizard,Unknown,0,No listed house,Ministry,1
Grawp,Male,giant,Unknown,0,No listed house,Unknown,1
Greek chappie,Male,wizard,Unknown,0,No listed house,Unknown,1
Gregorovitch,Male,wizard,Unknown,0,No listed house,Magical Trade,1
Gregory Goyle,Male,wizard,Unknown,1,Slytherin,Unknown,1
Gregory the Smarmy,Male,wizard,Unknown,0,No listed house,Academic/Author,1
The Grey Lady,Female,other,Pure Blood,1,Ravenclaw,Unknown,1
Glynnis Griffiths,Female,witch,Unknown,0,No listed house,Quidditch,1
Wilda Griffiths,Female,witch,Unknown,0,No listed house,Quidditch,1
Grimmson,Male,wizard,Unknown,0,No listed house,Other,1
Robert Grimsditch,Male,wizard,Unknown,0,No listed house,Ministry,1
Gellert Grindelwald,Male,wizard,Pure Blood,0,No listed house,Other,1
Griphook,Male,goblin,Unknown,0,No listed house,Other,1
Griselda Marchbanks,Female,witch,Unknown,0,No listed house,Academic/Author,1
Grizel Hurtz,Female,witch,Unknown,0,No listed house,Other,1
Grogan Stump,Male,wizard,Unknown,1,Hufflepuff,Ministry,1
Stoyanka Grozda,Female,witch,Unknown,0,No listed house,Quidditch,1
Wilhelmina Grubbly-Plank,Female,witch,Unknown,1,No listed house,Academic/Author,1
Grugwyn Rufford,Male,wizard,Unknown,0,No listed house,Unknown,1
Godric Gryffindor,Male,wizard,Unknown,1,No listed house,Academic/Author,1
Malodora Grymm,Female,hag,Unknown,0,No listed house,Unknown,1
Galvin Gudgeon,Male,wizard,Unknown,0,No listed house,Quidditch,1
Gladys Gudgeon,Female,wizard,Unknown,0,No listed house,Unknown,1
Zamira Gulch,Female,witch,Unknown,0,No listed house,Academic/Author,1
Gulliver Pokeby,Male,wizard,Unknown,0,No listed house,Unknown,1
Gunhilda of Gorsemoor,Female,witch,Unknown,0,No listed house,Healer,1
Guthrie Lochrin,Male,wizard,Unknown,0,No listed house,Unknown,1
Gwendolyn Morgan,Female,witch,Unknown,0,No listed house,Quidditch,1
Gwenog,Female,witch,Unknown,0,No listed house,Unknown,1
Gwenog Jones,Female,witch,Unknown,1,No listed house,Quidditch,1
Hagrid's father,Male,other,Unknown,0,No listed house,Unknown,1
Hambledon Quince,Male,wizard,Unknown,0,No listed house,Academic/Author,1
Hamish MacFarlan,Male,wizard,Unknown,0,No listed house,Quidditch,1
Hannah Cockleford,Female,witch,Unknown,0,No listed house,Unknown,1
Hans the Augurey,Male,other,Unknown,0,No listed house,Other,1
"Hardwin, son of Linfred of Stinchcombe",Male,wizard,Unknown,0,No listed house,Unknown,1
Harfang Munter,Male,wizard,Unknown,0,No listed house,Other,1
Harold Minchum,Male,wizard,Unknown,0,No listed house,Ministry,1
Harold Skively,Male,wizard,Unknown,0,No listed house,Unknown,1
Harper,Male,wizard,Unknown,1,Slytherin,Quidditch,1
Harry Potter,Male,wizard,Half-Blood,1,Gryffindor,Ministry,1
Harvey Ridgebit,Male,wizard,Unknown,0,No listed house,Other,1
Hassan Mostafa,Male,wizard,Unknown,0,No listed house,Quidditch,1
Havelock Sweeting,Male,wizard,Unknown,0,No listed house,Other,1
Hector Lamont,Male,wizard,Unknown,0,No listed house,Quidditch,1
Hedwig,Female,other,Unknown,0,No listed house,Other,1
Helena Ravenclaw,Female,other,Unknown,1,Ravenclaw,Other,1
Heliotrope Willis,Female,witch,Unknown,0,No listed house,Other,1
Helixa Hyslop,Female,witch,Unknown,0,No listed house,Unknown,1
Helmut Weiss,Male,wizard,Unknown,0,No listed house,Ministry,1
Hengist of Upper Barnton,Male,giant,Unknown,0,No listed house,Unknown,1
Hengist of Woodcroft,Male,wizard,Unknown,1,Hufflepuff,Unknown,1
Henry,Male,muggle,Muggle,0,No listed house,Unknown,1
King Henry VI,Male,human,Muggle,0,No listed house,Unknown,1
Henry Shaw Jr.,Male,muggle,Muggle,0,No listed house,Other,1
Henry Shaw,Male,muggle,Muggle,0,No listed house,Other,1
Hepzibah Smith,Female,witch,Unknown,0,No listed house,Unknown,1
Herbert Burke,Male,wizard,Pure Blood,0,No listed house,Unknown,1
Helbert Spleen,Male,wizard,Unknown,0,No listed house,Healer,1
Hereward,Male,wizard,Unknown,0,No listed house,Unknown,1
Herman Junker,Male,wizard,Unknown,0,No listed house,Quidditch,1
Herman Wintringham,Male,wizard,Unknown,0,No listed house,Other,1
Hermes,Male,other,Unknown,0,No listed house,Other,1
Herpo the Foul,Male,wizard,Unknown,0,No listed house,Other,1
Hesper Gamp,Female,witch,Unknown,0,No listed house,Unknown,1
Hesper Starkey,Female,witch,Unknown,0,No listed house,Magical Trade,1
Hestia Jones,Female,witch,Unknown,0,No listed house,Other,1
Hetty Bayliss,Female,muggle,Muggle,0,No listed house,Unknown,1
Shanice Higgins,Female,witch,Unknown,0,No listed house,Quidditch,1
Hippocrates Smethwyck,Male,wizard,Unknown,0,No listed house,Healer,1
Hilliard Hobday,Male,wizard,Unknown,0,No listed house,Unknown,1
Violetta Hobday,Female,witch,Unknown,0,No listed house,Unknown,1
Hodrod the Horny-Handed,Male,goblin,Unknown,0,No listed house,Unknown,1
Hokey,Female,other,Unknown,0,No listed house,Other,1
Honest Willy Wagstaff,Male,wizard,Unknown,0,No listed house,Magical Trade,1
Honoria,Female,witch,Unknown,0,No listed house,Unknown,1
Honoria Nutcombe,Female,witch,Unknown,0,No listed house,Other,1
Madam Hooch,Female,witch,Unknown,1,No listed house,Quidditch,1
Mafalda Hopkirk,Female,witch,Unknown,0,No listed house,Ministry,1
Kevin Hopwood,Male,wizard,Unknown,0,No listed house,Unknown,1
Horace Slughorn,Male,wizard,Pure Blood,1,Slytherin,Other,1
Olive Hornby,Female,witch,Unknown,1,No listed house,Other,1
Hortensia Milliphutt,Female,witch,Unknown,0,No listed house,Ministry,1
Hope Howell Lupin,Female,muggle,Muggle,0,No listed house,Other,1
Helga Hufflepuff,Female,witch,Unknown,1,No listed house,Academic/Author,1
Royston Idlewind,Male,wizard,Unknown,0,No listed house,Quidditch,1
Idris Oakby,Female,witch,Unknown,0,No listed house,Other,1
Iefan Rice,Male,wizard,Unknown,0,No listed house,Quidditch,1
Ignatia Wildsmith,Female,witch,Unknown,1,Ravenclaw,Academic/Author,1
Ignatius Prewett,Male,wizard,Pure Blood,0,No listed house,Unknown,1
Ignatius Tuft,Male,wizard,Unknown,0,No listed house,Ministry,1
Ignotus Peverell,Male,wizard,Pure Blood,0,No listed house,Unknown,1
Igor Karkaroff,Male,wizard,Unknown,0,No listed house,Other,1
Illyius,Male,wizard,Unknown,0,No listed house,Unknown,1
Ingolfr the Iambic,Male,wizard,Unknown,0,No listed house,Other,1
Inigo Imago,Male,wizard,Unknown,0,No listed house,Academic/Author,1
Iolanthe Peverell,Female,witch,Unknown,0,No listed house,Unknown,1
Irene Kneedander,Female,witch,Unknown,0,No listed house,Other,1
Irma Pince,Female,witch,Unknown,1,No listed house,Other,1
Irving Warble,Male,wizard,Unknown,0,No listed house,Other,1
Isobel McGonagall,Female,witch,Unknown,1,No listed house,Unknown,1
Isolt Sayre,Female,witch,Pure Blood,0,No listed house,Other,1
Ivanova,Female,witch,Unknown,0,No listed house,Quidditch,1
Ivan Popa,Male,wizard,Unknown,0,No listed house,Quidditch,1
Jack Sloper,Male,wizard,Unknown,1,Gryffindor,Unknown,1
Josiah Jackson,Male,wizard,Unknown,0,No listed house,Other,1
Jacob Kowalski,Male,no-maj,Muggle,0,No listed house,Other,1
Jacques Miskine,Male,wizard,Unknown,0,No listed house,Quidditch,1
James Potter,Male,wizard,Pure Blood,1,Gryffindor,Other,1
James Sirius Potter,Male,wizard,Pure Blood,1,Gryffindor,Unknown,1
James Steward,Male,muggle,Muggle,0,No listed house,Other,1
Janus Thickey,Male,wizard,Unknown,0,No listed house,Unknown,1
Jarleth Hobart,Male,wizard,Unknown,0,No listed house,Unknown,1
Mary Jauncey,Female,witch,Unknown,0,No listed house,Ministry,1
Jazz singer,Female,goblin,Unknown,0,No listed house,Other,1
Karl Jenkins,Male,wizard,Unknown,1,No listed house,Unknown,1
Jackie Jernigan,Female,witch,Unknown,0,No listed house,Quidditch,1
Leonard Jewkes,Male,wizard,Unknown,0,No listed house,Other,1
Jim McGuffin,Male,muggle,Muggle,0,No listed house,Other,1
Jimmy Peakes,Male,wizard,Unknown,1,Gryffindor,Unknown,1
Jocunda Sykes,Female,witch,Unknown,0,No listed house,Unknown,1
Joey Jenkins,Male,wizard,Unknown,0,No listed house,Quidditch,1
Johannes Jonker,Male,wizard,Muggle-Born,0,No listed house,Unknown,1
Sylvian Jolicoeur,Male,wizard,Unknown,0,No listed house,Quidditch,1
Mr. Jordan,Male,wizard,Unknown,0,No listed house,Unknown,1
Lee Jordan,Male,wizard,Unknown,1,Gryffindor,Quidditch,1
Primrose Jorkins,Female,witch,Unknown,0,No listed house,Unknown,1
Stamford Jorkins,Male,wizard,Unknown,0,No listed house,Ministry,1
Joscelind Wadcock,Female,witch,Unknown,0,No listed house,Quidditch,1
Josefina Calderon,Female,witch,Unknown,0,No listed house,Healer,1
Josef Wronski,Male,wizard,Unknown,0,No listed house,Quidditch,1
Joseph Snuka,Male,wizard,Unknown,0,No listed house,Quidditch,1
Joshua Sankara,Male,wizard,Unknown,0,No listed house,Quidditch,1
Josiah Plunkett,Male,wizard,Unknown,0,No listed house,Quidditch,1
Jugson,Male,wizard,Unknown,0,No listed house,Unknown,1
Justin Finch-Fletchley,Male,wizard,Muggle-Born,1,Hufflepuff,Unknown,1
Justus Pilliwickle,Male,wizard,Unknown,0,No listed house,Other,1
Laurena Kama,Female,witch,Unknown,0,No listed house,Unknown,1
Karkus,Male,giant,Unknown,0,No listed house,Other,1
Karl Wang,Male,wizard,Unknown,0,No listed house,Quidditch,1
Roland Kegg,Male,wizard,Unknown,0,No listed house,Unknown,1
Kenneth Towler,Male,wizard,Unknown,1,No listed house,Unknown,1
Kennilworthy Whisp,Male,wizard,Unknown,0,No listed house,Academic/Author,1
Silvanus Kettleburn,Male,wizard,Pure Blood,1,Hufflepuff,Academic/Author,1
King Arthur,Male,other,Unknown,0,No listed house,Unknown,1
Kingsley Shacklebolt,Male,wizard,Unknown,0,No listed house,Ministry,1
King William I,Male,muggle,Unknown,0,No listed house,Unknown,1
Kirley Duke,Male,wizard,Unknown,0,No listed house,Other,1
Porteus Knatchbull,Male,wizard,Unknown,0,No listed house,Ministry,1
Quentin Kowalski,Male,wizard,Unknown,0,No listed house,Quidditch,1
Krall,Male,wizard,Unknown,0,No listed house,Unknown,1
Kreacher,Male,other,Unknown,1,No listed house,Other,1
Sigrid Kristoffersen,Female,witch,Unknown,0,No listed house,Quidditch,1
Viktor Krum,Male,wizard,Unknown,0,No listed house,Quidditch,1
Kimiko Kurosawa,Female,witch,Unknown,0,No listed house,Quidditch,1
Ladislaw Zamojski,Male,wizard,Unknown,0,No listed house,Quidditch,1
Lady Carmilla Sanguina,Female,vampire,Unknown,0,No listed house,Unknown,1
Lady Grieve,Female,muggle,Muggle,0,No listed house,Other,1
Lancelot,Male,wizard,Unknown,0,No listed house,Healer,1
Langdon Shaw,Male,muggle,Muggle,0,No listed house,Unknown,1
Laverne de Montmorency,Female,witch,Unknown,1,Ravenclaw,Unknown,1
Nobby Leach,Male,wizard,Muggle-Born,0,No listed house,Ministry,1
Leanne,Female,witch,Unknown,1,No listed house,Unknown,1
Lenelle Paraison,Female,witch,Unknown,0,No listed house,Quidditch,1
Leonard Spencer-Moon,Male,wizard,Half-Blood,0,No listed house,Unknown,1
Leopoldina Smethwyk,Female,witch,Unknown,0,No listed house,Quidditch,1
Leta Lestrange,Female,witch,Pure Blood,1,Slytherin,Ministry,1
Radolphus Lestrange,Male,wizard,Pure Blood,0,No listed house,Ministry,1
Leticia Somnolens,Female,hag,Unknown,0,No listed house,Unknown,1
Levski,Male,wizard,Unknown,0,No listed house,Quidditch,1
Lilith Molesby,Female,witch,Unknown,0,No listed house,Unknown,1
Lily Potter,Female,witch,Muggle-Born,1,Gryffindor,Other,1
Lily Luna Potter,Female,witch,Half-Blood,1,Gryffindor,Unknown,1
Linfred of Stinchcombe,Male,wizard,Unknown,0,No listed house,Magical Trade,1
Sue Li,Female,witch,Unknown,1,No listed house,Unknown,1
Livius,Male,wizard,Unknown,0,No listed house,Unknown,1
Neville Longbottom,Male,wizard,Pure Blood,1,Gryffindor,Academic/Author,1
Lorcan McLaird,Male,wizard,Unknown,0,No listed house,Ministry,1
Lorcan Scamander,Male,wizard,Pure Blood,0,No listed house,Unknown,1
Lord Palmerston,Male,muggle,Muggle,0,No listed house,Other,1
Lord Voldemort,Male,wizard,Half-Blood,1,Slytherin,Unknown,1
Louis Weasley,Male,wizard,Unknown,0,No listed house,Unknown,1
Luna Lovegood,Female,witch,Pure Blood,1,Ravenclaw,Other,1
Loxias,Male,wizard,Unknown,0,No listed house,Unknown,1
Lucas Picquery,Male,wizard,Unknown,0,No listed house,Quidditch,1
Luciano Volpi,Male,wizard,Unknown,0,No listed house,Quidditch,1
Lucius Malfoy,Male,wizard,Pure Blood,1,Slytherin,Other,1
Lucius Malfoy (I),Male,wizard,Pure Blood,0,No listed house,Unknown,1
Luc Millefeuille,Male,wizard,Unknown,0,No listed house,Other,1
Lucy Weasley,Female,witch,Unknown,0,No listed house,Unknown,1
Lars Lundekvam,Male,wizard,Unknown,0,No listed house,Quidditch,1
Remus Lupin,Male,other,Half-Blood,1,Gryffindor,Academic/Author,1
Lyall Lupin,Male,wizard,Unknown,0,No listed house,Other,1
Lysander Scamander,Male,wizard,Pure Blood,0,No listed house,Unknown,1
Morag Macdougal,Female,witch,Unknown,1,Ravenclaw,Unknown,1
Mungo MacDuff,Male,wizard,Unknown,0,No listed house,Ministry,1
Walden Macnair,Male,wizard,Pure Blood,0,No listed house,Ministry,1
Torquil MacTavish,Male,wizard,Unknown,0,No listed house,Unknown,1
Madam Eloise Mintumble,Female,witch,Unknown,0,No listed house,Unknown,1
Madam Marsh,Female,witch,Unknown,0,No listed house,Unknown,1
Madam Z. Nettles,Female,witch,Unknown,0,No listed house,Unknown,1
Madam Primpernelle,Female,witch,Unknown,0,No listed house,Other,1
Madam Rosmerta,Female,witch,Unknown,0,No listed house,Other,1
Madam Ya Zhou,Female,witch,Unknown,0,No listed house,Unknown,1
Queen Maeve,Female,witch,Unknown,0,No listed house,Academic/Author,1
Mafalda,Female,witch,Unknown,0,No listed house,Unknown,1
"Magnus ""Dent Head"" Macdonald",Female,wizard,Unknown,0,No listed house,Unknown,1
Magorian,Male,other,Unknown,0,No listed house,Unknown,1
maid at the Riddle House,Female,muggle,Muggle,0,No listed house,Other,1
Maisie Cattermole,Female,witch,Half-Blood,0,No listed house,Unknown,1
Malécrit,Male,wizard,Unknown,0,No listed house,Other,1
Narcissa Malfoy,Female,witch,Pure Blood,1,Slytherin,Other,1
Scorpius Malfoy,Male,wizard,Pure Blood,1,Slytherin,Unknown,1
Septimus Malfoy,Male,wizard,Unknown,0,No listed house,Unknown,1
Madam Malkin,Female,witch,Unknown,0,No listed house,Other,1
Mallory Twiddle,Male,wizard,Unknown,0,No listed house,Unknown,1
Roger Malone,Male,wizard,Unknown,1,No listed house,Unknown,1
Marcus Belby,Male,wizard,Unknown,1,Ravenclaw,Unknown,1
Mark Evans,Male,muggle,Muggle,0,No listed house,Unknown,1
"Martha, mother of James Steward",Female,no-maj,Muggle,0,No listed house,Unknown,1
Martha Steward,Female,squib,Unknown,0,No listed house,Unknown,1
Mary Dorkins,Female,muggle,Muggle,0,No listed house,Other,1
Mary Elizabeth Cattermole,Female,witch,Muggle-Born,0,No listed house,Unknown,1
Olympe Maxime,Female,other,Half-Blood,0,No listed house,Other,1
McClaggan,Male,human,Unknown,1,Gryffindor,Other,1
Meaghan McCormack,Female,witch,Unknown,0,No listed house,Quidditch,1
Natalie McDonald,Female,witch,Unknown,1,Gryffindor,Unknown,1
Minerva McGonagall,Female,witch,Half-Blood,1,Gryffindor,Academic/Author,1
"Robert McGonagall, The Reverend",Male,muggle,Muggle,0,No listed house,Ministry,1
Quintia McQuoid,Female,witch,Unknown,0,No listed house,Magical Trade,1
Tarquin McTavish,Male,wizard,Unknown,0,No listed house,Unknown,1
Melania Macmillan,Female,witch,Pure Blood,0,No listed house,Unknown,1
Melusine,Female,human,Unknown,0,No listed house,Ministry,1
Mercy Ojukwu,Female,witch,Unknown,0,No listed house,Quidditch,1
Mercy Wardwell,Female,witch,Unknown,0,No listed house,Quidditch,1
Merlin,Male,wizard,Unknown,1,Slytherin,Unknown,1
Merwyn the Malicious,Male,wizard,Unknown,0,No listed house,Academic/Author,1
Mentor Metaxas,Male,wizard,Unknown,0,No listed house,Other,1
Millicent Bulstrode,Female,witch,Unknown,1,Slytherin,Unknown,1
Milly,Female,other,Unknown,0,No listed house,Unknown,1
Mirabella Plunkett,Female,witch,Unknown,0,No listed house,Unknown,1
Miranda Goshawk (fl. 1800),Female,witch,Unknown,0,No listed house,Unknown,1
Miriam Strout,Female,witch,Unknown,0,No listed house,Unknown,1
Mnemone Radford,Female,witch,Unknown,0,No listed house,Other,1
Modesty Rabnott,Female,witch,Unknown,0,No listed house,Unknown,1
Molly Weasley (II),Female,wizard,Unknown,0,No listed house,Unknown,1
Molly Weasley,Female,wizard,Pure Blood,0,No listed house,Other,1
Momolou Wotorson,Male,wizard,Unknown,0,No listed house,Unknown,1
Monica Wilkins,Female,muggle,Muggle,0,No listed house,Unknown,0
Montague,Male,wizard,Unknown,1,Slytherin,Unknown,1
Montague Knightly,Male,wizard,Unknown,0,No listed house,Unknown,1
Regulus Moonshine,Male,wizard,Unknown,0,No listed house,Academic/Author,1
Mopsus (Greek soothsayer),Male,wizard,Unknown,0,No listed house,Other,1
Mopsy Fleabert,Female,witch,Unknown,0,No listed house,Academic/Author,1
Moran,Female,witch,Unknown,0,No listed house,Quidditch,1
Morgan,Male,wizard,Unknown,0,No listed house,Unknown,1
Morgana / Morgan le Fay,Female,witch,Unknown,0,No listed house,Unknown,1
Valmai Morgan,Female,witch,Unknown,0,No listed house,Quidditch,1
Morrigan,Female,witch,Pure Blood,0,No listed house,Unknown,1
Mortlake,Male,wizard,Unknown,0,No listed house,Unknown,1
Mosag,Female,other,Unknown,0,No listed house,Unknown,1
Mulciber,Male,wizard,Pure Blood,1,Slytherin,Unknown,1
Mullet,Female,witch,Unknown,0,No listed house,Quidditch,1
Zacharias Mumps,Male,wizard,Unknown,0,No listed house,Quidditch,1
Mungo Bonham,Male,wizard,Unknown,0,No listed house,Unknown,1
Murcus,Female,other,Unknown,0,No listed house,Unknown,1
Musidora Barkwith,Female,witch,Unknown,0,No listed house,Other,1
Mustafa Kama,Male,wizard,Pure Blood,0,No listed house,Unknown,1
Myron Otherhaus,Male,wizard,Unknown,0,No listed house,Unknown,1
Myron Wagtail,Male,wizard,Unknown,0,No listed house,Other,1
Myrtle Warren,Female,witch,Muggle-Born,1,Ravenclaw,Unknown,1
Nagel,Male,human,Unknown,0,No listed house,Unknown,1
Nagini,Female,other,Unknown,0,No listed house,Unknown,1
Nagnok,Male,goblin,Unknown,0,No listed house,Unknown,1
Narinder Singh,Male,wizard,Unknown,0,No listed house,Quidditch,1
Niko Nenad,Male,wizard,Unknown,0,No listed house,Quidditch,1
Nerida Vulchanova,Female,witch,Unknown,0,No listed house,Other,1
Newt Scamander,Male,wizard,Unknown,1,Hufflepuff,Other,1
Newt Scamander's mother,Female,witch,Unknown,0,No listed house,Other,1
Ngapo Ponika,Male,wizard,Unknown,0,No listed house,Quidditch,1
Nikola Vassileva,Male,wizard,Unknown,0,No listed house,Quidditch,1
Norbert/Norberta,Female,other,Unknown,0,No listed house,Unknown,1
Noriko Sato,Female,witch,Unknown,0,No listed house,Quidditch,1
Mrs. Norris,Female,other,Unknown,0,No listed house,Unknown,1
Norvel Twonk,Male,wizard,Unknown,0,No listed house,Unknown,1
Nott,Male,wizard,Pure Blood,0,No listed house,Unknown,1
Theodore Nott,Male,wizard,Pure Blood,1,Slytherin,Unknown,1
Günther the Violent,Male,wizard,Unknown,0,No listed house,Unknown,1
Nugent Potts,Male,wizard,Unknown,0,No listed house,Quidditch,1
Nymphadora Tonks,Female,witch,Half-Blood,1,Hufflepuff,Ministry,1
Otto Obermeier,Male,wizard,Unknown,0,No listed house,Ministry,1
Mr. Oblansk (or Obalonsk),Male,wizard,Unknown,0,No listed house,Ministry,1
Octavius Pepper,Male,wizard,Unknown,0,No listed house,Unknown,1
Winkus Oddpick,Male,wizard,Unknown,0,No listed house,Other,1
Oddvar Spillum,Male,wizard,Unknown,0,No listed house,Quidditch,1
Odo the Hero,Male,wizard,Unknown,0,No listed house,Unknown,1
Tiberius Ogden,Male,wizard,Unknown,0,No listed house,Other,1
Ogg,Male,wizard,Unknown,1,No listed house,Other,1
Oliver Rivers,Male,wizard,Unknown,1,No listed house,Unknown,1
Oliver Wood,Male,wizard,Unknown,1,Gryffindor,Quidditch,1
through the Omnioculars,Male,wizard,Unknown,0,No listed house,Unknown,1
Oona,Female,witch,Unknown,0,No listed house,Unknown,1
Orabella Nuttley,Female,witch,Unknown,0,No listed house,Ministry,1
Orford Umbridge,Male,wizard,Unknown,0,No listed house,Ministry,1
Orla Quirke,Female,witch,Unknown,1,Ravenclaw,Unknown,1
Orsino Thruston,Male,wizard,Unknown,0,No listed house,Other,1
Unctuous Osbert,Male,wizard,Unknown,0,No listed house,Ministry,1
Oswald Beamish,Male,wizard,Unknown,0,No listed house,Unknown,1
Pandora Lovegood,Female,witch,Unknown,0,No listed house,Unknown,1
Panju Weasley,Male,wizard,Pure Blood,1,Gryffindor,Other,1
Pansy Parkinson,Female,witch,Pure Blood,1,Slytherin,Unknown,1
Paracelsus,Male,wizard,Unknown,0,No listed house,Unknown,1
Perseus Parkinson,Male,wizard,Unknown,0,No listed house,Ministry,1
Walter Parkin,Male,wizard,Unknown,0,No listed house,Other,1
Padma Patil,Female,witch,Unknown,1,Ravenclaw,Other,1
Parvati Patil,Female,witch,Unknown,1,Gryffindor,Other,1
Randolph Pauncefoot,Male,wizard,Unknown,0,No listed house,Quidditch,1
Mr. Paws,Male,other,Unknown,0,No listed house,Unknown,1
Peeves,Male,other,Unknown,0,No listed house,Other,1
Phoebus Penrose,Male,wizard,Unknown,0,No listed house,Ministry,1
Percy Weasley,Male,wizard,Pure Blood,1,Gryffindor,Ministry,1
Perkins,Male,wizard,Unknown,0,No listed house,Other,1
Sally-Anne Perks,Female,witch,Unknown,1,No listed house,Unknown,1
Petrova Porskoff,Female,witch,Unknown,0,No listed house,Quidditch,1
Peter Pettigrew,Male,wizard,Unknown,1,Gryffindor,Other,1
Thorsten Pfeffer,Male,wizard,Unknown,0,No listed house,Quidditch,1
Phineas Fletcher,Male,wizard,Unknown,0,No listed house,Other,1
Phyllida Spore,Female,witch,Unknown,0,No listed house,Academic/Author,1
Pickett,Male,other,Unknown,0,No listed house,Unknown,1
Pigwidgeon,Male,other,Unknown,0,No listed house,Other,1
Pius Thicknesse,Male,wizard,Unknown,0,No listed house,Ministry,1
platform guard,Male,muggle,Muggle,0,No listed house,Other,1
Yardley Platt,Male,wizard,Unknown,0,No listed house,Unknown,1
Samuel Plunkett,Male,wizard,Unknown,0,No listed house,Unknown,1
Royden Poke,Male,wizard,Unknown,0,No listed house,Ministry,1
Poliakoff,Male,wizard,Unknown,0,No listed house,Unknown,1
Pomona Sprout,Female,witch,Unknown,1,Hufflepuff,Academic/Author,1
Poppy Pomfrey,Female,witch,Unknown,1,No listed house,Healer,1
Quong Po,Male,wizard,Unknown,0,No listed house,Other,1
Tina Goldstein,Female,witch,Half-Blood,0,No listed house,Ministry,1
Prendergast,Male,wizard,Unknown,1,No listed house,Academic/Author,1
D.J. Prod,Male,wizard,Unknown,0,No listed house,Unknown,1
Mrs. Prod,Female,witch,Unknown,0,No listed house,Unknown,1
Quirinus Quirrell,Male,wizard,Half-Blood,1,Ravenclaw,Academic/Author,1
Professor Tofty,Male,wizard,Unknown,0,No listed house,Other,1
Quintia Qarase,Female,witch,Unknown,0,No listed house,Quidditch,1
Samuel G. Quahog,Male,wizard,Unknown,0,No listed house,Other,1
Queen Victoria,Female,muggle,Muggle,0,No listed house,Other,1
Quentin Trimble,Male,wizard,Unknown,0,No listed house,Academic/Author,1
Quigley,Male,wizard,Unknown,0,No listed house,Quidditch,1
Quintius Umfraville,Male,wizard,Unknown,0,No listed house,Academic/Author,1
Rabastan Lestrange,Male,wizard,Pure Blood,1,Slytherin,Unknown,1
Urquhart Rackharrow,Male,wizard,Unknown,0,No listed house,Unknown,1
Raczidian,Male,wizard,Unknown,0,No listed house,Unknown,1
Radolphus Pittiman,Male,wizard,Unknown,0,No listed house,Other,1
Rafael Santos,Male,wizard,Unknown,0,No listed house,Quidditch,1
Ragnok the Pigeon-Toed,Male,goblin,Unknown,0,No listed house,Academic/Author,1
Ragnuk the First,Male,goblin,Unknown,0,No listed house,Other,1
Randolph Spudmore,Male,wizard,Unknown,0,No listed house,Other,1
Xavier Rastrick,Male,wizard,Unknown,0,No listed house,Other,1
Rowena Ravenclaw,Female,witch,Unknown,1,No listed house,Academic/Author,1
Rawya Zaghloul,Female,witch,Unknown,0,No listed house,Quidditch,1
Receptionist,Female,witch,Unknown,0,No listed house,Other,1
Red,Male,goblin,Unknown,0,No listed house,Other,1
Regulus Black (1906),Male,wizard,Unknown,0,No listed house,Unknown,1
Tom Marvolo Riddle,Male,wizard,Half-Blood,1,Slytherin,Other,1
Rionach Sayre,Female,witch,Pure Blood,0,No listed house,Unknown,1
Ripper,Male,other,Unknown,0,No listed house,Unknown,1
Rita Skeeter,Female,witch,Unknown,0,No listed house,Other,1
Mr. Roberts,Male,muggle,Muggle,0,No listed house,Other,1
Rodolphus Lestrange,Male,wizard,Pure Blood,1,Slytherin,Unknown,1
Rolf Scamander,Male,wizard,Unknown,0,No listed house,Other,1
Romilda Vane,Female,witch,Unknown,1,Gryffindor,Unknown,1
Romulus,Male,muggle,Unknown,0,No listed house,Unknown,1
Ron Weasley,Male,wizard,Pure Blood,1,Gryffindor,Ministry,1
Ronan,Male,other,Unknown,0,No listed house,Unknown,1
Thorfinn Rowle,Male,wizard,Unknown,0,No listed house,Unknown,1
Roxanne Weasley,Female,wizard,Unknown,0,No listed house,Unknown,1
Rubeus Hagrid,Male,other,Half-Blood,1,Gryffindor,Academic/Author,1
Ruby,Female,witch,Unknown,0,No listed house,Other,1
Rudolph Spielman,Male,wizard,Unknown,0,No listed house,Ministry,1
Rufus Scrimgeour,Male,wizard,Unknown,0,No listed house,Ministry,1
Runcorn,Male,wizard,Unknown,0,No listed house,Unknown,1
Rupert 'Axebanger' Brookstanton,Male,wizard,Unknown,0,No listed house,Unknown,1
Rutherford Poke,Male,wizard,Unknown,0,No listed house,Healer,1
Ryuichi Yamaguchi,Male,wizard,Unknown,0,No listed house,Quidditch,1
Sacharissa Tugwood,Female,witch,Unknown,0,No listed house,Unknown,1
Sally Smith,Female,witch,Unknown,1,No listed house,Unknown,1
Sam,Male,wizard,Unknown,0,No listed house,Other,1
Samson Wiblin,Male,wizard,Unknown,0,No listed house,Unknown,1
Sanguini,Male,vampire,Unknown,0,No listed house,Unknown,1
Selina Sapworthy,Female,witch,Unknown,0,No listed house,Academic/Author,1
Scabbers,Male,other,Unknown,0,No listed house,Unknown,1
Scabior,Male,wizard,Unknown,0,No listed house,Other,1
Theseus Scamander,Male,wizard,Unknown,0,No listed house,Ministry,1
Selwyn,Male,wizard,Pure Blood,0,No listed house,Unknown,1
Septimus Weasley,Male,wizard,Pure Blood,0,No listed house,Unknown,1
Seraphina Picquery,Female,witch,Unknown,0,No listed house,Other,1
Shikoba Wolfe,Female,witch,Unknown,0,No listed house,Magical Trade,1
Shintaro Shingo,Male,wizard,Unknown,0,No listed house,Quidditch,1
Sidney Todd,Male,wizard,Unknown,0,No listed house,Other,1
Tony Silva,Male,wizard,Unknown,0,No listed house,Quidditch,1
Silvio Astolfi,Male,wizard,Unknown,0,No listed house,Unknown,1
Sir Cadogan,Male,other,Pure Blood,1,Gryffindor,Other,1
Sir Herbert Varney,Male,vampire,Unknown,0,No listed house,Other,1
Skender,Male,wizard,Unknown,0,No listed house,Other,1
Wilbert Slinkhard,Male,wizard,Unknown,0,No listed house,Academic/Author,1
Salazar Slytherin,Male,wizard,Pure Blood,1,No listed house,Academic/Author,1
Zacharias Smith,Male,wizard,Unknown,1,Hufflepuff,Unknown,1
Severus Snape,Male,wizard,Half-Blood,1,Slytherin,Other,1
Tobias Snape,Male,muggle,Unknown,0,No listed house,Unknown,1
Snickerton,Male,muggle,Muggle,0,No listed house,Other,1
Able Spudmore,Male,wizard,Unknown,0,No listed house,Other,1
Stan Shunpike,Male,wizard,Unknown,0,No listed house,Other,1
Stebbins,Male,wizard,Unknown,1,Hufflepuff,Unknown,1
Stebbins (Auror),Male,wizard,Unknown,0,No listed house,Ministry,1
Stephen Cornfoot,Male,wizard,Unknown,1,Ravenclaw,Unknown,1
Stubby Boardman,Male,wizard,Unknown,0,No listed house,Other,1
Sturgis Podmore,Male,wizard,Unknown,0,No listed house,Unknown,1
Sudanese Obscurial,Female,witch,Unknown,0,No listed house,Unknown,1
Sybill Trelawney,Female,witch,Half-Blood,1,No listed house,Academic/Author,1
Tenebrus,Male,other,Unknown,0,No listed house,Unknown,1
Terry Boot,Male,wizard,Unknown,1,Ravenclaw,Unknown,1
Tertius,Male,wizard,Muggle-Born,0,No listed house,Other,1
Theophilus Abbott,Male,wizard,Unknown,0,No listed house,Unknown,1
Thiago Quintana,Male,wizard,Unknown,0,No listed house,Unknown,1
Mr. and Mrs. Thomas,Female,other,Unknown,0,No listed house,Unknown,1
Thornton Harkaway,Male,wizard,Unknown,0,No listed house,Other,1
Thaddeus Thurkell,Male,wizard,Unknown,0,No listed house,Unknown,1
Mr. Tibbles,Male,other,Unknown,0,No listed house,Other,1
Tilly Toke,Female,witch,Unknown,0,No listed house,Unknown,1
Titus,Male,other,Unknown,0,No listed house,Unknown,1
Tom,Male,wizard,Unknown,0,No listed house,Other,1
Tom (Bowtruckle),Male,other,Unknown,0,No listed house,Unknown,1
Tom Riddle Sr.,Male,muggle,Muggle,0,No listed house,Unknown,1
Tilden Toots,Male,wizard,Unknown,0,No listed house,Academic/Author,1
Travers,Male,wizard,Pure Blood,0,No listed house,Unknown,1
Torquil Travers,Male,wizard,Pure Blood,0,No listed house,Ministry,1
Trevor,Male,other,Unknown,0,No listed house,Unknown,1
Trocar,Male,vampire,Unknown,1,No listed house,Unknown,1
Wilkie Twycross,Male,wizard,Unknown,0,No listed house,Ministry,1
Ugga,Male,wizard,Unknown,0,No listed house,Unknown,1
Dolores Umbridge's brother,Male,squib,Unknown,0,No listed house,Unknown,1
Uncle Nobby,Male,wizard,Unknown,0,No listed house,Unknown,1
Muggle tramp,Male,muggle,Muggle,0,No listed house,Unknown,1
Urg the Unclean,Male,goblin,Unknown,0,No listed house,Other,1
Uric the Oddball,Male,wizard,Unknown,1,Ravenclaw,Unknown,1
Urquhart,Male,wizard,Unknown,1,Slytherin,Quidditch,1
Ursula Flint,Female,wizard,Pure Blood,0,No listed house,Unknown,1
Vaisey,Male,wizard,Unknown,1,Slytherin,Quidditch,1
Valentina Vázquez,Female,witch,Unknown,0,No listed house,Other,1
Vargot,Male,goblin,Unknown,0,No listed house,Other,1
Verity,Female,witch,Unknown,0,No listed house,Other,1
Vicky Frobisher,Female,witch,Unknown,1,Gryffindor,Unknown,1
Victoire Weasley,Female,witch,Unknown,1,No listed house,Unknown,1
Vincent Duc de Trefle-Picques,Male,wizard,Unknown,0,No listed house,Unknown,1
Vincent Crabbe,Male,wizard,Unknown,1,Slytherin,Unknown,1
Vinda Rosier,Female,human,Pure Blood,0,No listed house,Unknown,1
Violet,Female,witch,Unknown,0,No listed house,Unknown,1
Violetta Beauvais,Female,witch,Unknown,0,No listed house,Unknown,1
Vindictus Viridian,Male,wizard,Unknown,0,No listed house,Academic/Author,1
Volkov,Male,wizard,Unknown,0,No listed house,Quidditch,1
Vulchanov,Male,wizard,Unknown,0,No listed house,Quidditch,1
Wailing Widow,Female,other,Unknown,0,No listed house,Unknown,1
Walburga Black,Female,witch,Pure Blood,1,Slytherin,Other,1
Warrington,Male,wizard,Unknown,1,Slytherin,Unknown,1
Webster Boot's wife,Female,witch,Unknown,0,No listed house,Ministry,1
Wendelin the Weird,Female,witch,Unknown,0,No listed house,Unknown,1
Willi Wenzel,Male,wizard,Unknown,0,No listed house,Quidditch,1
Wilhelmina Tuft,Female,witch,Unknown,0,No listed house,Ministry,1
William,Male,other,Unknown,0,No listed house,Unknown,1
William Sayre,Male,wizard,Pure Blood,0,No listed house,Unknown,1
Williamson,Male,wizard,Unknown,0,No listed house,Ministry,1
Willy Widdershins,Male,wizard,Unknown,0,No listed house,Unknown,1
Winky,Female,other,Unknown,0,No listed house,Unknown,1
Witherwings,Male,other,Unknown,0,No listed house,Unknown,1
Wladyslaw Wolfke,Male,wizard,Unknown,0,No listed house,Quidditch,1
Wool Woman,Female,witch,Unknown,0,No listed house,Unknown,1
Wormtail,Male,wizard,Unknown,1,Gryffindor,Other,1
Xenophilius Lovegood,Male,wizard,Unknown,0,No listed house,Other,1
Yann Fredericks,Male,wizard,Unknown,1,No listed house,Unknown,1
Young Red-Haired Witch,Female,human,Unknown,0,No listed house,Unknown,1
Yusuf Kama,Male,human,Pure Blood,0,No listed house,Unknown,1
Yvonne,Female,muggle,Muggle,0,No listed house,Unknown,1
Zacharias Smith's father,Male,wizard,Unknown,0,No listed house,Unknown,1
